{"epoch": 3, "loss": 0.004795118621632791, "_timestamp": 1721816116.59217, "_runtime": 19043.080432891846, "_step": 2}